{"cameraMode":{"drawMode":0,"name":"Shaded","section":"Shading Mode"},"sceneLighting":false,"audioPlay":false,"sceneViewState":{"showFog":false,"showMaterialUpdate":false,"showSkybox":false,"showFlares":false,"showImageEffects":false,"showParticleSystems":false},"in2DMode":false,"pivot":{"x":5.272572040557861,"y":7.3712921142578129,"z":-20.387557983398439},"rotation":{"x":0.09480106830596924,"y":0.2913655936717987,"z":-0.02903164178133011,"w":0.951464056968689},"size":12.966426849365235,"orthographic":false}