{"cameraMode":{"drawMode":0,"name":"Shaded","section":"Shading Mode"},"sceneLighting":false,"audioPlay":false,"sceneViewState":{"showFog":false,"showMaterialUpdate":false,"showSkybox":false,"showFlares":false,"showImageEffects":false,"showParticleSystems":false},"in2DMode":false,"pivot":{"x":1471.4422607421875,"y":333.1156921386719,"z":-235.99114990234376},"rotation":{"x":-0.11610569059848786,"y":0.10291232913732529,"z":-0.01209463644772768,"w":-0.9878212213516235},"size":721.3054809570313,"orthographic":false}